,Unnamed: 0,country,year,born,male_born,female_born,birth_rate,fertility_rate,variation
0,0,Spain,2017,393181.0,202478.0,190703.0,8.41,1.31,-1.92
1,1,Germany,2017,784901.0,402517.0,382384.0,9.5,1.57,-1.88
2,2,United Kingdom,2017,754754.0,387030.0,367724.0,11.4,1.74,-2.79
3,3,France,2017,770045.0,394058.0,375987.0,11.5,1.89,-1.56
4,4,Italy,2017,458151.0,235733.0,222418.0,7.6,1.32,-1.49
5,5,Portugal,2017,86154.0,44072.0,42082.0,8.4,1.38,1.47
6,6,Usa,2017,0.0,0.0,0.0,11.8,1.77,-3.02
7,7,Japan,2017,0.0,0.0,0.0,7.6,1.43,-0.69
8,8,China,2017,0.0,0.0,0.0,12.64,1.68,0.48
9,9,Andorra,2016,634.0,364.0,373.0,8.8,1.27,6.72
10,10,United Arab Emirates,2017,0.0,0.0,0.0,10.46,1.45,-2.88
11,11,Afghanistan,2017,0.0,0.0,0.0,33.21,4.63,-3.48
12,12,Antigua Barbuda,2017,0.0,0.0,0.0,15.53,2.0,-0.2
13,13,Albanian,2017,30869.0,16208.0,14661.0,10.7,1.48,-3.9
14,14,Armenia,2017,37700.0,19731.0,17969.0,12.7,1.56,-3.7
15,15,Angola,2017,0.0,0.0,0.0,41.28,5.6,-1.51
16,16,Argentina,2017,0.0,0.0,0.0,17.21,2.28,-0.57
17,17,Austria,2017,87633.0,45253.0,42380.0,10.0,1.52,-0.65
18,18,Australia,2017,0.0,0.0,0.0,12.6,1.74,-0.63
19,19,Azerbaijan,2017,144041.0,76584.0,67457.0,14.6,1.75,-7.89
20,20,Bosnia Herzegovina,2017,29158.0,16790.0,15757.0,8.3,1.28,-0.78
21,21,Barbados,2017,0.0,0.0,0.0,10.68,1.62,0.12
22,22,Bangladesh,2017,0.0,0.0,0.0,18.5,2.06,-1.34
23,23,Belgium,2017,119690.0,61179.0,58511.0,10.5,1.65,-1.79
24,24,Burkina Faso,2017,0.0,0.0,0.0,38.42,5.27,-1.53
25,25,Bulgaria,2017,63955.0,32787.0,31168.0,9.0,1.56,1.3
26,26,Bahrain,2017,0.0,0.0,0.0,14.37,2.01,-1.13
27,27,Burundi,2017,0.0,0.0,0.0,39.65,5.5,-1.73
28,28,Benin,2017,0.0,0.0,0.0,36.62,4.91,-1.43
29,29,Brunei,2017,0.0,0.0,0.0,15.38,1.88,-1.78
30,30,Bolivian,2017,0.0,0.0,0.0,22.08,2.78,-1.84
31,31,Brazil,2017,0.0,0.0,0.0,14.13,1.74,-0.46
32,32,Bahamas,2017,0.0,0.0,0.0,14.05,1.76,-0.51
33,33,Bhutan,2017,0.0,0.0,0.0,17.46,1.99,-0.99
34,34,Botswana,2017,0.0,0.0,0.0,25.4,2.91,-1.09
35,35,Belarus,2017,102556.0,52712.0,49844.0,10.8,1.54,-10.98
36,36,Belize,2017,0.0,0.0,0.0,21.08,2.35,-1.88
37,37,Canada,2017,388729.0,199381.0,189348.0,10.3,1.54,-3.14
38,38,Democratic Republic Of Congo,2017,0.0,0.0,0.0,41.73,6.02,-1.55
39,39,Central African Republic,2017,0.0,0.0,0.0,35.66,4.8,-1.52
40,40,Republic Of Congo,2017,0.0,0.0,0.0,33.38,4.48,-1.19
41,41,Swiss,2017,87381.0,44873.0,42508.0,10.3,1.52,-1.3
42,42,Ivory Coast,2017,0.0,0.0,0.0,35.99,4.7,-1.16
43,43,Chili,2017,0.0,0.0,0.0,12.71,1.68,-2.04
44,44,Cameroon,2017,0.0,0.0,0.0,35.9,4.64,-1.47
45,45,Colombia,2017,649742.0,333299.0,316443.0,15.1,1.83,-0.98
46,46,Costa Rica,2017,0.0,0.0,0.0,14.25,1.77,-0.95
47,47,Cuba,2017,0.0,0.0,0.0,10.39,1.64,-1.15
48,48,Cape Verde,2017,0.0,0.0,0.0,19.92,2.31,-1.58
49,49,Cyprus,2017,9229.0,4765.0,4464.0,10.7,1.32,-3.65
50,50,Czech Republic,2017,114405.0,58671.0,55734.0,10.8,1.69,3.68
51,51,Djibouti,2017,0.0,0.0,0.0,21.94,2.79,-2.14
52,52,Denmark,2017,61397.0,31467.0,29930.0,10.6,1.75,-2.23
53,53,Dominica,2017,0.0,0.0,0.0,9.6,1.9,0.0
54,54,Dominican Republic,2017,0.0,0.0,0.0,19.8,2.37,-0.84
55,55,Algeria,2017,0.0,0.0,0.0,24.85,3.05,-0.23
56,56,Ecuador,2017,0.0,0.0,0.0,19.97,2.45,-0.97
57,57,Estonia,2017,13784.0,7191.0,6593.0,10.5,1.59,-0.63
58,58,Egypt,2017,0.0,0.0,0.0,27.05,3.37,-1.17
59,59,Eritrea,2017,0.0,0.0,0.0,30.9,4.11,-1.25
60,60,Ethiopia,2017,0.0,0.0,0.0,32.78,4.35,-2.38
61,61,Finland,2017,50321.0,25674.0,24647.0,9.1,1.49,-5.1
62,62,Fiji,2017,0.0,0.0,0.0,21.56,2.79,-0.32
63,63,Federated States Of Micronesia,2017,0.0,0.0,0.0,22.94,3.1,-1.49
64,64,Gabon,2017,0.0,0.0,0.0,32.16,4.01,-0.77
65,65,Grenade,2017,0.0,0.0,0.0,16.7,2.08,-1.0
66,66,Georgia,2017,53293.0,27658.0,25635.0,14.3,2.14,-4.04
67,67,Ghana,2017,0.0,0.0,0.0,29.84,3.93,-1.46
68,68,Gambia,2017,0.0,0.0,0.0,38.97,5.28,-1.07
69,69,Guinea,2017,0.0,0.0,0.0,36.77,4.78,-1.59
70,70,Equatorial Guinea,2017,0.0,0.0,0.0,33.73,4.6,-1.86
71,71,Greece,2017,88553.0,45686.0,42867.0,8.2,1.35,-2.17
72,72,Guatemala,2017,0.0,0.0,0.0,24.91,2.92,-1.78
73,73,Guinea-Bissau,2017,0.0,0.0,0.0,35.7,4.55,-1.68
74,74,Guyana,2017,0.0,0.0,0.0,20.2,2.49,-0.96
75,75,Hong Kong,2017,0.0,0.0,0.0,7.7,1.13,-6.64
76,76,Honduras,2017,0.0,0.0,0.0,21.86,2.5,-1.58
77,77,Croatia,2017,36556.0,18845.0,17711.0,8.9,1.42,0.0
78,78,Haiti,2017,0.0,0.0,0.0,24.75,2.99,-1.81
79,79,Hungary,2017,94646.0,48591.0,46055.0,9.7,1.54,0.65
80,80,Indonesia,2017,0.0,0.0,0.0,18.42,2.34,-1.1
81,81,Ireland,2017,61824.0,31779.0,30045.0,12.9,1.77,-2.21
82,82,Israel,2017,0.0,0.0,0.0,21.1,3.11,0.0
83,83,India,2017,0.0,0.0,0.0,18.08,2.24,-1.02
84,84,Iraq,2017,0.0,0.0,0.0,29.69,3.76,-2.64
85,85,Iran,2017,0.0,0.0,0.0,19.01,2.12,1.58
86,86,Iceland,2017,4071.0,2112.0,1959.0,11.9,1.71,-1.72
87,87,Jamaica,2017,0.0,0.0,0.0,16.29,1.99,-0.8
88,88,Jordan,2017,0.0,0.0,0.0,22.62,2.85,-3.55
89,89,Kenya,2017,0.0,0.0,0.0,29.3,3.57,-2.48
90,90,Kyrgyzstan,2017,0.0,0.0,0.0,24.8,3.0,-3.23
91,91,Cambodia,2017,0.0,0.0,0.0,22.89,2.53,-1.13
92,92,Kiribati,2017,0.0,0.0,0.0,28.29,3.61,-1.12
93,93,Comoros,2017,0.0,0.0,0.0,32.37,4.28,-1.66
94,94,Saint Kitts Nevis,2014,0.0,0.0,0.0,12.6,2.11,-12.21
95,95,North Korea,2017,0.0,0.0,0.0,13.91,1.91,-0.31
96,96,South Korea,2017,357771.0,0.0,0.0,7.0,1.05,-10.24
97,97,Kuwait,2017,0.0,0.0,0.0,14.65,2.08,0.05
98,98,Kazakhstan,2017,0.0,0.0,0.0,21.64,2.75,-0.72
99,99,Laos,2017,0.0,0.0,0.0,23.96,2.71,-1.53
100,100,Lebanon,2017,0.0,0.0,0.0,17.67,2.1,-0.33
101,101,St. Lucia,2017,0.0,0.0,0.0,12.14,1.45,-0.89
102,102,Liechtenstein,2017,338.0,176.0,162.0,8.9,1.44,-10.56
103,103,Sri Lanka,2017,0.0,0.0,0.0,16.11,2.21,-0.23
104,104,Liberia,2017,0.0,0.0,0.0,33.43,4.39,-1.66
105,105,Lesotho,2017,0.0,0.0,0.0,27.17,3.17,-0.81
106,106,Lithuania,2017,28696.0,14775.0,13921.0,10.1,1.63,-3.55
107,107,Luxembourg,2017,6174.0,3171.0,3003.0,10.4,1.39,-1.42
108,108,Latvia,2017,20828.0,10797.0,10031.0,10.7,1.69,-2.87
109,109,Libya,2017,0.0,0.0,0.0,19.38,2.28,-1.73
110,110,Morocco,2017,0.0,0.0,0.0,19.4,2.45,-1.53
111,111,Monaco,2016,295.0,0.0,0.0,4.62,432.0,7.8
112,112,Moldova,2017,36640.0,19304.0,18090.0,13.3,1.26,0.0
113,113,Montenegro,2017,7432.0,3873.0,3559.0,11.9,1.78,-0.56
114,114,Madagascar,2017,0.0,0.0,0.0,32.9,4.13,-1.29
115,115,Marshall Islands,2011,0.0,0.0,0.0,29.0,4.05,-10.0
116,116,North Macedonia,2017,21754.0,11160.0,10594.0,10.5,1.43,-4.67
117,117,Mali,2017,0.0,0.0,0.0,42.08,5.97,-1.47
118,118,Myanmar,2017,0.0,0.0,0.0,17.7,2.17,-0.64
119,119,Mongolia,2017,0.0,0.0,0.0,24.83,2.91,-0.31
120,120,Mauritania,2017,0.0,0.0,0.0,34.13,4.62,-1.28
121,121,Malt,2017,4319.0,2215.0,2104.0,9.2,1.26,-8.03
122,122,Mauricio,2017,0.0,0.0,0.0,10.7,1.44,2.86
123,123,Maldives,2017,0.0,0.0,0.0,14.89,1.91,-2.11
124,124,Malawi,2017,0.0,0.0,0.0,34.59,4.3,-2.38
125,125,Mexico,2017,2234039.0,1134349.0,1099674.0,17.92,2.16,-1.33
126,126,Malaysia,2017,0.0,0.0,0.0,16.87,2.02,-0.88
127,127,Mozambique,2017,0.0,0.0,0.0,37.88,4.92,-1.4
128,128,Namibia,2017,0.0,0.0,0.0,29.11,3.45,-1.4
129,129,Niger,2017,0.0,0.0,0.0,46.54,7.0,-1.21
130,130,Nigeria,2017,0.0,0.0,0.0,38.38,5.46,-1.25
131,131,Nicaragua,2017,0.0,0.0,0.0,21.06,2.43,-1.02
132,132,Netherlands,2017,169836.0,87159.0,82677.0,9.9,1.62,-2.41
133,133,Norway,2017,56633.0,29173.0,27460.0,10.7,1.62,-5.26
134,134,Nepal,2017,0.0,0.0,0.0,20.2,1.97,-2.96
135,135,New Zealand,2017,0.0,0.0,0.0,12.38,1.81,-3.21
136,136,Oman,2017,0.0,0.0,0.0,19.79,2.92,-0.58
137,137,Panama,2017,0.0,0.0,0.0,19.26,2.49,-1.07
138,138,Peru,2017,610316.0,0.0,0.0,19.7,2.28,-0.96
139,139,Papua New Guinea,2017,0.0,0.0,0.0,27.36,3.61,-1.29
140,140,Philippines,2017,0.0,0.0,0.0,21.04,2.64,-2.87
141,141,Pakistan,2017,0.0,0.0,0.0,28.6,3.56,-1.38
142,142,Poland,2017,401982.0,206410.0,195572.0,10.6,1.48,6.47
143,143,State Of Palestine,2017,0.0,0.0,0.0,29.91,3.74,-2.76
144,144,Palau,2017,0.0,0.0,0.0,12.4,2.21,-0.9
145,145,Paraguayan,2017,0.0,0.0,0.0,20.79,2.45,-1.05
146,146,Taste,2017,0.0,0.0,0.0,9.7,1.89,-1.1
147,147,Romania,2017,210590.0,108146.0,102444.0,10.8,1.78,5.33
148,148,Serbian,2017,64894.0,33321.0,31573.0,9.2,1.49,2.05
149,149,Russia,2017,1940579.0,984552.0,928920.0,11.5,1.62,-8.0
150,150,Rwanda,2017,0.0,0.0,0.0,32.06,4.09,-0.85
151,151,Saudi Arabia,2017,0.0,0.0,0.0,18.32,2.37,-2.55
152,152,Solomon Islands,2017,0.0,0.0,0.0,32.88,4.43,-0.4
153,153,Seychelles,2017,0.0,0.0,0.0,17.2,2.41,0.84
154,154,Sudan,2017,0.0,0.0,0.0,32.54,4.47,-1.39
155,155,Sweden,2017,115416.0,59256.0,56160.0,11.5,1.78,-3.78
156,156,Singapore,2017,0.0,0.0,0.0,8.9,1.16,-3.33
157,157,Slovenia,2017,20241.0,10483.0,9758.0,9.8,1.62,2.53
158,158,Slovakia,2017,57969.0,29773.0,28196.0,10.7,1.52,2.7
159,159,Sierra Leone,2017,0.0,0.0,0.0,33.94,4.36,-2.2
160,160,San Marino,2017,228.0,121.0,107.0,6.7,1.26,0.0
161,161,Senegal,2017,0.0,0.0,0.0,35.12,4.7,-1.53
162,162,Somalia,2017,0.0,0.0,0.0,41.92,6.17,-1.55
163,163,Surinam,2017,0.0,0.0,0.0,18.79,2.44,-1.05
164,164,South Sudan,2017,0.0,0.0,0.0,35.37,4.78,-1.65
165,165,Sao Tome Principe,2017,0.0,0.0,0.0,31.97,4.37,-1.17
166,166,The Savior,2017,0.0,0.0,0.0,18.43,2.06,-0.96
167,167,Syria,2017,0.0,0.0,0.0,24.12,2.85,-1.45
168,168,Swatini,2017,0.0,0.0,0.0,26.77,3.02,-0.76
169,169,Chad,2017,0.0,0.0,0.0,42.68,5.85,-1.7
170,170,Togo,2017,0.0,0.0,0.0,33.55,4.38,-1.46
171,171,Thailand,2017,0.0,0.0,0.0,10.51,1.53,-0.33
172,172,Tajikistan,2017,0.0,0.0,0.0,31.36,3.61,-0.33
173,173,East Timor,2017,0.0,0.0,0.0,29.45,4.09,-1.52
174,174,Turkmenistan,2017,0.0,0.0,0.0,24.62,2.84,-1.77
175,175,Tunisia,2017,0.0,0.0,0.0,18.01,2.22,-0.85
176,176,Tonga,2017,0.0,0.0,0.0,24.63,3.6,-1.13
177,177,Turkiye,2017,1291055.0,662928.0,628127.0,16.1,2.07,-1.9
178,178,Trinidad Tobago,2017,0.0,0.0,0.0,13.3,1.74,-0.8
179,179,Tanzania,2017,0.0,0.0,0.0,37.08,4.95,-1.24
180,180,Ukraine,2017,363987.0,187528.0,176459.0,8.6,1.26,-6.67
181,181,Uganda,2017,0.0,0.0,0.0,38.95,5.1,-2.8
182,182,Uruguay,2017,48200.0,0.0,0.0,13.96,1.98,-0.4
183,183,Uzbekistan,2017,0.0,0.0,0.0,22.1,2.42,-1.47
184,184,Saint Vincent The Grenadines,2017,0.0,0.0,0.0,14.4,1.91,-1.04
185,185,Venezuela,2017,615132.0,316884.0,298248.0,18.23,2.29,-0.99
186,186,Vietnam,2017,0.0,0.0,0.0,16.98,2.04,0.59
187,187,Vanuatu,2017,0.0,0.0,0.0,30.02,3.82,-1.01
188,188,Samoa,2017,0.0,0.0,0.0,24.69,3.93,-1.26
189,189,Yemen,2017,0.0,0.0,0.0,31.04,3.89,-2.6
190,190,South Africa,2017,0.0,0.0,0.0,20.91,2.43,-1.1
191,191,Zambia,2017,0.0,0.0,0.0,36.7,4.72,-1.99
192,192,Zimbabwe,2017,0.0,0.0,0.0,31.73,3.71,-2.55
193,193,Spain,2018,372777.0,191569.0,181208.0,0.0794,1.26,-3.67
194,194,Germany,2018,787523.0,404052.0,383471.0,0.095,1.57,0.0
195,195,United Kingdom,2018,730918.0,375379.0,355539.0,0.11,1.68,-3.45
196,196,France,2018,759199.0,388944.0,370255.0,0.113,1.87,-1.06
197,197,Italy,2018,439747.0,226217.0,213530.0,0.073,1.29,-2.27
198,198,Portugal,2018,87020.0,44309.0,42711.0,0.085,1.42,2.9
199,199,Usa,2018,0.0,0.0,0.0,0.11599999999999999,1.73,-2.04
200,200,Japan,2018,0.0,0.0,0.0,0.07400000000000001,1.42,-0.7
201,201,China,2018,0.0,0.0,0.0,0.10859999999999999,1.69,0.42
202,202,Andorra,2018,543.0,293.0,250.0,0.07200000000000001,1.27,6.72
203,203,United Arab Emirates,2018,0.0,0.0,0.0,0.1033,1.41,-2.42
204,204,Afghanistan,2018,0.0,0.0,0.0,0.3249,4.47,-3.45
205,205,Antigua Barbuda,2018,0.0,0.0,0.0,0.1533,1.99,-0.25
206,206,Albanian,2018,28934.0,15025.0,13909.0,0.10099999999999999,1.37,-7.43
207,207,Armenia,2018,36574.0,19252.0,17322.0,0.12300000000000001,1.57,0.64
208,208,Angola,2018,0.0,0.0,0.0,0.4073,5.52,-1.45
209,209,Argentina,2018,0.0,0.0,0.0,0.1702,2.26,-0.62
210,210,Austria,2018,85535.0,43796.0,41739.0,0.09699999999999999,1.47,-3.29
211,211,Australia,2018,0.0,0.0,0.0,0.126,1.74,-0.06
212,212,Azerbaijan,2018,138982.0,74224.0,64758.0,0.14,1.73,-1.14
213,213,Bosnia Herzegovina,2018,29467.0,16790.0,15757.0,0.084,1.27,-0.86
214,214,Barbados,2018,0.0,0.0,0.0,0.1065,1.62,0.25
215,215,Bangladesh,2018,0.0,0.0,0.0,0.1818,2.04,-1.26
216,216,Belgium,2018,118319.0,60398.0,57921.0,0.10400000000000001,1.62,-1.82
217,217,Burkina Faso,2018,0.0,0.0,0.0,0.37929999999999997,5.19,-1.56
218,218,Bulgaria,2018,62197.0,32144.0,30053.0,0.08900000000000001,1.56,0.0
219,219,Bahrain,2018,0.0,0.0,0.0,0.1399,1.99,-1.14
220,220,Burundi,2018,0.0,0.0,0.0,0.3901,5.41,-1.67
221,221,Benin,2018,0.0,0.0,0.0,0.36219999999999997,4.84,-1.43
222,222,Brunei,2018,0.0,0.0,0.0,0.149,1.85,-1.75
223,223,Bolivian,2018,0.0,0.0,0.0,0.2175,2.73,-1.69
224,224,Brazil,2018,0.0,0.0,0.0,0.1392,1.73,-0.52
225,225,Bahamas,2018,0.0,0.0,0.0,0.13970000000000002,1.75,-0.57
226,226,Bhutan,2018,0.0,0.0,0.0,0.1726,1.98,-0.95
227,227,Botswana,2018,0.0,0.0,0.0,0.2482,2.87,-1.24
228,228,Belarus,2018,94042.0,48240.0,45802.0,0.099,1.45,-5.84
229,229,Belize,2018,0.0,0.0,0.0,0.2079,2.31,-1.66
230,230,Canada,2018,388729.0,199381.0,189348.0,0.10099999999999999,1.5,-2.6
231,231,Democratic Republic Of Congo,2018,0.0,0.0,0.0,0.4118,5.92,-1.63
232,232,Central African Republic,2018,0.0,0.0,0.0,0.35350000000000004,4.72,-1.56
233,233,Republic Of Congo,2018,0.0,0.0,0.0,0.3286,4.43,-1.2
234,234,Swiss,2018,87851.0,45013.0,42838.0,0.10300000000000001,1.52,0.0
235,235,Ivory Coast,2018,0.0,0.0,0.0,0.3574,4.65,-1.17
236,236,Chili,2018,0.0,0.0,0.0,0.1243,1.65,-1.73
237,237,Cameroon,2018,0.0,0.0,0.0,0.3539,4.57,-1.44
238,238,Colombia,2018,649742.0,333299.0,316443.0,0.14880000000000002,1.81,-0.99
239,239,Costa Rica,2018,0.0,0.0,0.0,0.13970000000000002,1.75,-1.02
240,240,Cuba,2018,0.0,0.0,0.0,0.1017,1.62,-1.16
241,241,Cape Verde,2018,0.0,0.0,0.0,0.1949,2.27,-1.52
242,242,Cyprus,2018,9329.0,4771.0,4558.0,0.107,1.32,0.0
243,243,Czech Republic,2018,114036.0,58256.0,55780.0,0.107,1.71,1.18
244,244,Djibouti,2018,0.0,0.0,0.0,0.2147,2.73,-2.05
245,245,Denmark,2018,61476.0,31611.0,29865.0,0.106,1.73,-1.14
246,246,Dominica,2017,0.0,0.0,0.0,0.096,1.9,0.0
247,247,Dominican Republic,2018,0.0,0.0,0.0,0.19510000000000002,2.35,-0.89
248,248,Algeria,2018,0.0,0.0,0.0,0.24280000000000002,3.02,-0.72
249,249,Ecuador,2018,0.0,0.0,0.0,0.1972,2.43,-0.98
250,250,Estonia,2018,14367.0,7345.0,7022.0,0.109,1.67,5.03
251,251,Egypt,2018,0.0,0.0,0.0,0.2638,3.33,-1.31
252,252,Eritrea,2018,0.0,0.0,0.0,0.303,4.06,-1.36
253,253,Ethiopia,2018,0.0,0.0,0.0,0.3234,4.25,-2.37
254,254,Finland,2018,47577.0,24630.0,22947.0,0.086,1.41,-5.37
255,255,Fiji,2018,0.0,0.0,0.0,0.21280000000000002,2.77,-0.5
256,256,Federated States Of Micronesia,2018,0.0,0.0,0.0,0.22820000000000001,3.05,-1.45
257,257,Gabon,2018,0.0,0.0,0.0,0.3161,3.97,-0.97
258,258,Grenade,2018,0.0,0.0,0.0,0.16469999999999999,2.06,-0.96
259,259,Georgia,2018,51138.0,26538.0,24600.0,0.13699999999999998,2.09,-2.34
260,260,Ghana,2018,0.0,0.0,0.0,0.29410000000000003,3.87,-1.43
261,261,Gambia,2018,0.0,0.0,0.0,0.38539999999999996,5.22,-1.17
262,262,Guinea,2018,0.0,0.0,0.0,0.3636,4.7,-1.61
263,263,Equatorial Guinea,2018,0.0,0.0,0.0,0.33240000000000003,4.51,-1.87
264,264,Greece,2018,86440.0,44525.0,41915.0,0.081,1.35,0.0
265,265,Guatemala,2018,0.0,0.0,0.0,0.24559999999999998,2.87,-1.71
266,266,Guinea-Bissau,2018,0.0,0.0,0.0,0.3513,4.48,-1.69
267,267,Guyana,2018,0.0,0.0,0.0,0.1997,2.46,-0.93
268,268,Hong Kong,2018,0.0,0.0,0.0,0.07200000000000001,1.07,-4.71
269,269,Honduras,2018,0.0,0.0,0.0,0.21600000000000003,2.46,-1.44
270,270,Croatia,2018,36945.0,19078.0,17867.0,0.09,1.47,3.52
271,271,Haiti,2018,0.0,0.0,0.0,0.24350000000000002,2.94,-1.71
272,272,Hungary,2018,93467.0,48008.0,45459.0,0.096,1.55,0.65
273,273,Indonesia,2018,0.0,0.0,0.0,0.1807,2.31,-1.07
274,274,Ireland,2018,61022.0,31306.0,29716.0,0.125,1.75,-1.13
275,275,Israel,2018,0.0,0.0,0.0,0.20800000000000002,3.09,-0.64
276,276,India,2018,0.0,0.0,0.0,0.17859999999999998,2.22,-0.94
277,277,Iraq,2018,0.0,0.0,0.0,0.2908,3.67,-2.39
278,278,Iran,2018,0.0,0.0,0.0,0.18780000000000002,2.14,0.99
279,279,Iceland,2018,4228.0,2242.0,1986.0,0.12,1.71,0.0
280,280,Jamaica,2018,0.0,0.0,0.0,0.161,1.98,-0.7
281,281,Jordan,2018,0.0,0.0,0.0,0.2198,2.76,-3.09
282,282,Kenya,2018,0.0,0.0,0.0,0.2875,3.49,-2.24
283,283,Kyrgyzstan,2018,0.0,0.0,0.0,0.271,3.3,10.0
284,284,Cambodia,2018,0.0,0.0,0.0,0.22460000000000002,2.5,-1.07
285,285,Kiribati,2018,0.0,0.0,0.0,0.2789,3.57,-1.14
286,286,Comoros,2018,0.0,0.0,0.0,0.3188,4.21,-1.64
287,287,Saint Kitts Nevis,2014,0.0,0.0,0.0,0.126,2.11,-12.21
288,288,North Korea,2018,0.0,0.0,0.0,0.1389,1.9,-0.37
289,289,South Korea,2018,326822.0,0.0,0.0,0.064,0.98,-7.13
290,290,Kuwait,2018,0.0,0.0,0.0,0.1394,2.08,-0.05
291,291,Kazakhstan,2018,0.0,0.0,0.0,0.2177,2.84,3.27
292,292,Laos,2018,0.0,0.0,0.0,0.23550000000000001,2.67,-1.55
293,293,Lebanon,2018,0.0,0.0,0.0,0.17550000000000002,2.09,-0.48
294,294,St. Lucia,2018,0.0,0.0,0.0,0.12,1.44,-0.83
295,295,Liechtenstein,2018,378.0,192.0,186.0,0.099,1.58,9.72
296,296,Sri Lanka,2018,0.0,0.0,0.0,0.1583,2.2,-0.32
297,297,Liberia,2018,0.0,0.0,0.0,0.33039999999999997,4.32,-1.64
298,298,Lesotho,2018,0.0,0.0,0.0,0.2681,3.14,-0.95
299,299,Lithuania,2018,28149.0,14362.0,13787.0,0.1,1.63,0.0
300,300,Luxembourg,2018,6274.0,3196.0,3078.0,0.10300000000000001,1.38,-0.72
301,301,Latvia,2018,19314.0,9995.0,9319.0,0.1,1.6,-5.33
302,302,Libya,2018,0.0,0.0,0.0,0.1883,2.24,-1.62
303,303,Morocco,2018,0.0,0.0,0.0,0.1894,2.42,-1.47
304,304,Monaco,2018,227.0,0.0,0.0,4.62,432.0,5.9
305,305,Moldova,2018,34764.0,19304.0,18090.0,0.128,1.26,0.24
306,306,Montenegro,2018,7264.0,3771.0,3493.0,0.11699999999999999,1.76,-1.12
307,307,Madagascar,2018,0.0,0.0,0.0,0.32659999999999995,4.08,-1.28
308,308,Marshall Islands,2011,0.0,0.0,0.0,0.29,4.05,-10.0
309,309,North Macedonia,2018,21333.0,11173.0,10160.0,0.10300000000000001,1.42,-0.7
310,310,Mali,2018,0.0,0.0,0.0,0.4154,5.88,-1.52
311,311,Myanmar,2018,0.0,0.0,0.0,0.17550000000000002,2.15,-0.65
312,312,Mongolia,2018,0.0,0.0,0.0,0.2413,2.9,-0.65
313,313,Mauritania,2018,0.0,0.0,0.0,0.3369,4.56,-1.26
314,314,Malt,2018,4444.0,2278.0,2166.0,0.092,1.23,-2.38
315,315,Mauricio,2018,0.0,0.0,0.0,0.102,1.41,-2.08
316,316,Maldives,2018,0.0,0.0,0.0,0.142,1.87,-1.89
317,317,Malawi,2018,0.0,0.0,0.0,0.34119999999999995,4.21,-2.16
318,318,Mexico,2018,2162535.0,1098674.0,1063826.0,0.17600000000000002,2.13,-1.3
319,319,Malaysia,2018,0.0,0.0,0.0,0.1675,2.0,-0.89
320,320,Mozambique,2018,0.0,0.0,0.0,0.37520000000000003,4.85,-1.42
321,321,Namibia,2018,0.0,0.0,0.0,0.2864,3.4,-1.48
322,322,Niger,2018,0.0,0.0,0.0,0.4608,6.91,-1.26
323,323,Nigeria,2018,0.0,0.0,0.0,0.3791,5.39,-1.28
324,324,Nicaragua,2018,0.0,0.0,0.0,0.2064,2.4,-1.07
325,325,Netherlands,2018,168525.0,86204.0,82321.0,0.098,1.59,-1.85
326,326,Norway,2018,55120.0,28430.0,26690.0,0.10400000000000001,1.56,-3.7
327,327,Nepal,2018,0.0,0.0,0.0,0.1989,1.92,-2.54
328,328,New Zealand,2018,0.0,0.0,0.0,0.1184,1.71,-5.52
329,329,Oman,2018,0.0,0.0,0.0,0.19190000000000002,2.89,-1.1
330,330,Panama,2018,0.0,0.0,0.0,0.1898,2.46,-1.05
331,331,Peru,2018,601781.0,0.0,0.0,0.191,2.25,-0.92
332,332,Papua New Guinea,2018,0.0,0.0,0.0,0.2707,3.56,-1.27
333,333,Philippines,2018,0.0,0.0,0.0,0.20550000000000002,2.58,-2.42
334,334,Pakistan,2018,0.0,0.0,0.0,0.2825,3.51,-1.46
335,335,Poland,2018,388178.0,199820.0,188358.0,0.102,1.46,-1.35
336,336,State Of Palestine,2018,0.0,0.0,0.0,0.2928,3.64,-2.54
337,337,Palau,2018,0.0,0.0,0.0,0.14,2.21,-0.9
338,338,Paraguayan,2018,0.0,0.0,0.0,0.2057,2.43,-0.98
339,339,Taste,2018,0.0,0.0,0.0,0.09539999999999998,1.87,-1.06
340,340,Romania,2018,210290.0,104005.0,98739.0,0.10800000000000001,1.76,-1.12
341,341,Serbian,2018,63975.0,33208.0,30767.0,0.092,1.49,0.0
342,342,Russia,2018,1940579.0,984552.0,928920.0,0.109,1.58,-2.59
343,343,Rwanda,2018,0.0,0.0,0.0,0.317,4.04,-1.08
344,344,Saudi Arabia,2018,0.0,0.0,0.0,0.17800000000000002,2.32,-2.28
345,345,Solomon Islands,2018,0.0,0.0,0.0,0.32439999999999997,4.4,-0.7
346,346,Seychelles,2018,0.0,0.0,0.0,0.171,2.41,0.0
347,347,Sudan,2018,0.0,0.0,0.0,0.3218,4.41,-1.39
348,348,Sweden,2018,115832.0,59534.0,56298.0,0.114,1.76,-1.12
349,349,Singapore,2018,0.0,0.0,0.0,0.08800000000000001,1.14,-1.72
350,350,Slovenia,2018,19585.0,10157.0,9428.0,0.094,1.6,-1.23
351,351,Slovakia,2018,57639.0,29674.0,27965.0,0.106,1.54,1.32
352,352,Sierra Leone,2018,0.0,0.0,0.0,0.33409999999999995,4.26,-2.2
353,353,San Marino,2018,235.0,121.0,107.0,0.068,1.26,0.0
354,354,Senegal,2018,0.0,0.0,0.0,0.3452,4.63,-1.53
355,355,Somalia,2018,0.0,0.0,0.0,0.4175,6.07,-1.56
356,356,Surinam,2018,0.0,0.0,0.0,0.18539999999999998,2.42,-1.02
357,357,South Sudan,2018,0.0,0.0,0.0,0.35009999999999997,4.7,-1.65
358,358,Sao Tome Principe,2018,0.0,0.0,0.0,0.3154,4.32,-1.21
359,359,The Savior,2018,0.0,0.0,0.0,0.1825,2.04,-0.97
360,360,Syria,2018,0.0,0.0,0.0,0.2369,2.81,-1.37
361,361,Swatini,2018,0.0,0.0,0.0,0.2634,2.99,-0.93
362,362,Chad,2018,0.0,0.0,0.0,0.4217,5.75,-1.69
363,363,Togo,2018,0.0,0.0,0.0,0.3311,4.32,-1.46
364,364,Thailand,2018,0.0,0.0,0.0,0.10339999999999999,1.53,-0.46
365,365,Tajikistan,2018,0.0,0.0,0.0,0.30760000000000004,3.59,-0.58
366,366,East Timor,2018,0.0,0.0,0.0,0.2942,4.02,-1.71
367,367,Turkmenistan,2018,0.0,0.0,0.0,0.23829999999999998,2.79,-1.76
368,368,Tunisia,2018,0.0,0.0,0.0,0.17559999999999998,2.2,-0.99
369,369,Tonga,2018,0.0,0.0,0.0,0.243,3.56,-1.08
370,370,Turkiye,2018,1248847.0,641056.0,607791.0,0.153,1.99,-3.86
371,371,Trinidad Tobago,2018,0.0,0.0,0.0,0.1294,1.73,-0.81
372,372,Tanzania,2018,0.0,0.0,0.0,0.36700000000000005,4.89,-1.23
373,373,Ukraine,2018,335874.0,173417.0,162457.0,0.08,1.2,-4.76
374,374,Uganda,2018,0.0,0.0,0.0,0.3814,4.96,-2.75
375,375,Uruguay,2018,48200.0,0.0,0.0,0.1386,1.97,-0.5
376,376,Uzbekistan,2018,0.0,0.0,0.0,0.233,2.6,7.65
377,377,Saint Vincent The Grenadines,2018,0.0,0.0,0.0,0.1424,1.89,-1.05
378,378,Venezuela,2018,615132.0,316884.0,298248.0,0.1788,2.27,-0.96
379,379,Vietnam,2018,0.0,0.0,0.0,0.1675,2.05,0.34
380,380,Vanuatu,2018,0.0,0.0,0.0,0.29600000000000004,3.78,-0.99
381,381,Samoa,2018,0.0,0.0,0.0,0.2438,3.88,-1.25
382,382,Yemen,2018,0.0,0.0,0.0,0.3045,3.79,-2.52
383,383,South Africa,2018,0.0,0.0,0.0,0.2051,2.41,-1.03
384,384,Zambia,2018,0.0,0.0,0.0,0.3619,4.63,-1.8
385,385,Zimbabwe,2018,0.0,0.0,0.0,0.3068,3.62,-2.48
386,386,Spain,2019,360617.0,185523.0,175094.0,0.0762,1.24,-2.24
387,387,Germany,2019,778090.0,399292.0,378798.0,0.094,1.54,-1.91
388,388,United Kingdom,2019,712699.0,375379.0,355539.0,0.107,1.63,-2.98
389,389,France,2019,754008.0,385340.0,368668.0,0.11199999999999999,1.86,-0.53
390,390,Italy,2019,420084.0,215387.0,204697.0,0.07,1.27,-1.55
391,391,Portugal,2019,86579.0,44539.0,42040.0,0.084,1.43,0.7
392,392,Usa,2019,0.0,0.0,0.0,0.114,1.71,-1.36
393,393,Japan,2019,0.0,0.0,0.0,0.07,1.36,-4.23
394,394,China,2019,0.0,0.0,0.0,0.1041,1.7,0.36
395,395,Andorra,2019,539.0,293.0,250.0,0.07,1.27,6.72
396,396,United Arab Emirates,2019,0.0,0.0,0.0,0.10220000000000001,1.39,-1.84
397,397,Afghanistan,2019,0.0,0.0,0.0,0.318,4.32,-3.4
398,398,Antigua Barbuda,2019,0.0,0.0,0.0,0.15109999999999998,1.99,-0.35
399,399,Albanian,2019,28561.0,14893.0,13668.0,0.1,1.6,16.57
400,400,Armenia,2019,36041.0,19252.0,17322.0,0.122,1.6,1.91
401,401,Angola,2019,0.0,0.0,0.0,0.4023,5.44,-1.4
402,402,Argentina,2019,0.0,0.0,0.0,0.16829999999999998,2.25,-0.62
403,403,Austria,2019,84952.0,43580.0,41372.0,0.096,1.46,-0.68
404,404,Australia,2019,0.0,0.0,0.0,0.121,1.66,-4.77
405,405,Azerbaijan,2019,141179.0,75160.0,66019.0,0.141,1.81,4.62
406,406,Bosnia Herzegovina,2019,29467.0,16790.0,15757.0,0.0794,1.25,-0.87
407,407,Barbados,2019,0.0,0.0,0.0,0.10619999999999999,1.62,0.25
408,408,Bangladesh,2019,0.0,0.0,0.0,0.1787,2.01,-1.23
409,409,Belgium,2019,117695.0,59912.0,57783.0,0.102,1.6,-1.23
410,410,Burkina Faso,2019,0.0,0.0,0.0,0.37450000000000006,5.11,-1.54
411,411,Bulgaria,2019,61538.0,31515.0,30023.0,0.08800000000000001,1.58,1.28
412,412,Bahrain,2019,0.0,0.0,0.0,0.1362,1.96,-1.16
413,413,Burundi,2019,0.0,0.0,0.0,0.38380000000000003,5.32,-1.65
414,414,Benin,2019,0.0,0.0,0.0,0.3583,4.77,-1.43
415,415,Brunei,2019,0.0,0.0,0.0,0.1446,1.82,-1.57
416,416,Bolivian,2019,0.0,0.0,0.0,0.2146,2.69,-1.54
417,417,Brazil,2019,0.0,0.0,0.0,0.13699999999999998,1.72,-0.64
418,418,Bahamas,2019,0.0,0.0,0.0,0.1388,1.74,-0.51
419,419,Bhutan,2019,0.0,0.0,0.0,0.17010000000000003,1.95,-1.06
420,420,Botswana,2019,0.0,0.0,0.0,0.24230000000000002,2.84,-1.32
421,421,Belarus,2019,87602.0,48240.0,45802.0,0.09300000000000001,1.38,-4.69
422,422,Belize,2019,0.0,0.0,0.0,0.2051,2.27,-1.43
423,423,Canada,2019,388729.0,199381.0,189348.0,0.099,1.47,-2.0
424,424,Democratic Republic Of Congo,2019,0.0,0.0,0.0,0.4064,5.82,-1.69
425,425,Central African Republic,2019,0.0,0.0,0.0,0.35090000000000005,4.65,-1.61
426,426,Republic Of Congo,2019,0.0,0.0,0.0,0.324,4.37,-1.22
427,427,Swiss,2019,86172.0,44123.0,42049.0,0.1,1.48,-2.63
428,428,Ivory Coast,2019,0.0,0.0,0.0,0.3546,4.59,-1.2
429,429,Chili,2019,0.0,0.0,0.0,0.1219,1.63,-1.33
430,430,Cameroon,2019,0.0,0.0,0.0,0.3489,4.51,-1.44
431,431,Colombia,2019,649742.0,333299.0,316443.0,0.1466,1.79,-1.0
432,432,Costa Rica,2019,0.0,0.0,0.0,0.1369,1.74,-0.97
433,433,Cuba,2019,0.0,0.0,0.0,0.09960000000000001,1.6,-0.99
434,434,Cape Verde,2019,0.0,0.0,0.0,0.1906,2.24,-1.41
435,435,Cyprus,2019,9548.0,4850.0,4698.0,0.10800000000000001,1.33,0.76
436,436,Czech Republic,2019,112231.0,57585.0,54646.0,0.105,1.71,0.0
437,437,Djibouti,2019,0.0,0.0,0.0,0.21,2.68,-1.91
438,438,Denmark,2019,61167.0,31519.0,29648.0,0.105,1.7,-1.73
439,439,Dominica,2017,0.0,0.0,0.0,0.096,1.9,0.0
440,440,Dominican Republic,2019,0.0,0.0,0.0,0.19190000000000002,2.32,-0.98
441,441,Algeria,2019,0.0,0.0,0.0,0.23579999999999998,2.99,-1.16
442,442,Ecuador,2019,0.0,0.0,0.0,0.1946,2.4,-0.99
443,443,Estonia,2019,14099.0,7212.0,6887.0,0.106,1.66,-0.6
444,444,Egypt,2019,0.0,0.0,0.0,0.2571,3.28,-1.38
445,445,Eritrea,2019,0.0,0.0,0.0,0.2974,4.0,-1.45
446,446,Ethiopia,2019,0.0,0.0,0.0,0.319,4.15,-2.38
447,447,Finland,2019,45613.0,23186.0,22427.0,0.083,1.35,-4.26
448,448,Fiji,2019,0.0,0.0,0.0,0.2095,2.75,-0.72
449,449,Federated States Of Micronesia,2019,0.0,0.0,0.0,0.2271,3.01,-1.41
450,450,Gabon,2019,0.0,0.0,0.0,0.3097,3.92,-1.18
451,451,Grenade,2019,0.0,0.0,0.0,0.162,2.04,-1.02
452,452,Georgia,2019,48296.0,25029.0,23267.0,0.13,2.02,-3.35
453,453,Ghana,2019,0.0,0.0,0.0,0.2899,3.82,-1.4
454,454,Gambia,2019,0.0,0.0,0.0,0.3807,5.15,-1.25
455,455,Guinea,2019,0.0,0.0,0.0,0.35969999999999996,4.63,-1.6
456,456,Equatorial Guinea,2019,0.0,0.0,0.0,0.32780000000000004,4.43,-1.86
457,457,Greece,2019,83763.0,42945.0,40818.0,0.078,1.34,-0.74
458,458,Guatemala,2019,0.0,0.0,0.0,0.2421,2.82,-1.67
459,459,Guinea-Bissau,2019,0.0,0.0,0.0,0.3456,4.4,-1.65
460,460,Guyana,2019,0.0,0.0,0.0,0.1972,2.44,-0.89
461,461,Hong Kong,2019,0.0,0.0,0.0,0.07,1.05,-1.96
462,462,Honduras,2019,0.0,0.0,0.0,0.2134,2.43,-1.34
463,463,Croatia,2019,36135.0,18478.0,17657.0,0.08900000000000001,1.47,0.0
464,464,Haiti,2019,0.0,0.0,0.0,0.2396,2.89,-1.64
465,465,Hungary,2019,93100.0,47984.0,45116.0,0.095,1.55,0.0
466,466,Indonesia,2019,0.0,0.0,0.0,0.1775,2.29,-1.0
467,467,Ireland,2019,59289.0,30270.0,29019.0,0.12,1.71,-2.29
468,468,Israel,2019,0.0,0.0,0.0,0.201,3.01,-2.59
469,469,India,2019,0.0,0.0,0.0,0.1764,2.2,-0.9
470,470,Iraq,2019,0.0,0.0,0.0,0.28559999999999997,3.6,-2.04
471,471,Iran,2019,0.0,0.0,0.0,0.18420000000000003,2.15,0.42
472,472,Iceland,2019,4452.0,2267.0,2185.0,0.12300000000000001,1.74,1.75
473,473,Jamaica,2019,0.0,0.0,0.0,0.1591,1.97,-0.71
474,474,Jordan,2019,0.0,0.0,0.0,0.2148,2.69,-2.54
475,475,Kenya,2019,0.0,0.0,0.0,0.28300000000000003,3.42,-1.98
476,476,Kyrgyzstan,2019,0.0,0.0,0.0,0.26899999999999996,3.3,0.0
477,477,Cambodia,2019,0.0,0.0,0.0,0.2202,2.48,-1.0
478,478,Kiribati,2019,0.0,0.0,0.0,0.27449999999999997,3.53,-1.09
479,479,Comoros,2019,0.0,0.0,0.0,0.3141,4.14,-1.59
480,480,Saint Kitts Nevis,2019,0.0,0.0,0.0,0.11199999999999999,2.11,-12.21
481,481,North Korea,2019,0.0,0.0,0.0,0.13849999999999998,1.9,-0.42
482,482,South Korea,2019,302676.0,0.0,0.0,0.059000000000000004,0.92,-6.04
483,483,Kuwait,2019,0.0,0.0,0.0,0.1325,2.08,-0.24
484,484,Kazakhstan,2019,0.0,0.0,0.0,0.2173,2.9,2.11
485,485,Laos,2019,0.0,0.0,0.0,0.23120000000000002,2.63,-1.54
486,486,Lebanon,2019,0.0,0.0,0.0,0.17379999999999998,2.08,-0.57
487,487,St. Lucia,2019,0.0,0.0,0.0,0.1184,1.42,-0.84
488,488,Liechtenstein,2019,356.0,182.0,174.0,0.092,1.48,-6.33
489,489,Sri Lanka,2019,0.0,0.0,0.0,0.15539999999999998,2.19,-0.5
490,490,Liberia,2019,0.0,0.0,0.0,0.32689999999999997,4.25,-1.58
491,491,Lesotho,2019,0.0,0.0,0.0,0.2642,3.11,-1.05
492,492,Lithuania,2019,27393.0,14086.0,13307.0,0.098,1.61,-1.23
493,493,Luxembourg,2019,6230.0,3107.0,3123.0,0.1,1.34,-2.9
494,494,Latvia,2019,18786.0,9629.0,9157.0,0.098,1.61,0.63
495,495,Libya,2019,0.0,0.0,0.0,0.183,2.21,-1.52
496,496,Morocco,2019,0.0,0.0,0.0,0.185,2.38,-1.37
497,497,Monaco,2018,227.0,0.0,0.0,4.62,432.0,5.9
498,498,Moldova,2019,32022.0,19304.0,18090.0,0.12,1.27,0.55
499,499,Montenegro,2019,7223.0,3777.0,3446.0,0.11599999999999999,1.77,0.57
500,500,Madagascar,2019,0.0,0.0,0.0,0.32409999999999994,4.03,-1.25
501,501,Marshall Islands,2011,0.0,0.0,0.0,0.29,4.05,-10.0
502,502,North Macedonia,2019,19845.0,10276.0,9569.0,0.096,1.34,-5.63
503,503,Mali,2019,0.0,0.0,0.0,0.4104,5.79,-1.57
504,504,Myanmar,2019,0.0,0.0,0.0,0.174,2.14,-0.74
505,505,Mongolia,2019,0.0,0.0,0.0,0.2336,2.87,-0.97
506,506,Mauritania,2019,0.0,0.0,0.0,0.3326,4.5,-1.27
507,507,Malt,2019,4350.0,2260.0,2090.0,0.086,1.14,-7.32
508,508,Mauricio,2019,0.0,0.0,0.0,0.102,1.4,-0.71
509,509,Maldives,2019,0.0,0.0,0.0,0.1358,1.84,-1.6
510,510,Malawi,2019,0.0,0.0,0.0,0.3373,4.13,-1.95
511,511,Mexico,2019,2092214.0,1061978.0,1030194.0,0.17300000000000001,2.1,-1.22
512,512,Malaysia,2019,0.0,0.0,0.0,0.1661,1.98,-0.9
513,513,Mozambique,2019,0.0,0.0,0.0,0.37170000000000003,4.78,-1.42
514,514,Namibia,2019,0.0,0.0,0.0,0.2815,3.34,-1.53
515,515,Niger,2019,0.0,0.0,0.0,0.45640000000000003,6.82,-1.29
516,516,Nigeria,2019,0.0,0.0,0.0,0.37450000000000006,5.32,-1.3
517,517,Nicaragua,2019,0.0,0.0,0.0,0.2022,2.38,-1.12
518,518,Netherlands,2019,169680.0,86893.0,82787.0,0.098,1.57,-1.26
519,519,Norway,2019,54495.0,28042.0,26453.0,0.102,1.53,-1.92
520,520,Nepal,2019,0.0,0.0,0.0,0.19579999999999997,1.88,-2.14
521,521,New Zealand,2019,0.0,0.0,0.0,0.11960000000000001,1.72,0.58
522,522,Oman,2019,0.0,0.0,0.0,0.18510000000000001,2.84,-1.59
523,523,Panama,2019,0.0,0.0,0.0,0.18710000000000002,2.44,-0.98
524,524,Peru,2019,581022.0,0.0,0.0,0.18100000000000002,2.23,-0.93
525,525,Papua New Guinea,2019,0.0,0.0,0.0,0.26789999999999997,3.52,-1.23
526,526,Philippines,2019,0.0,0.0,0.0,0.20170000000000002,2.53,-1.94
527,527,Pakistan,2019,0.0,0.0,0.0,0.2784,3.45,-1.6
528,528,Poland,2019,374954.0,192685.0,182269.0,0.099,1.44,-1.37
529,529,State Of Palestine,2019,0.0,0.0,0.0,0.2872,3.56,-2.28
530,530,Palau,2019,0.0,0.0,0.0,0.11199999999999999,2.21,-0.9
531,531,Paraguayan,2019,0.0,0.0,0.0,0.2034,2.41,-0.99
532,532,Taste,2019,0.0,0.0,0.0,0.09390000000000001,1.85,-1.07
533,533,Romania,2019,199720.0,102401.0,97319.0,0.10300000000000001,1.77,0.57
534,534,Serbian,2019,64399.0,33137.0,31262.0,0.09300000000000001,1.52,2.01
535,535,Russia,2019,1940579.0,984552.0,928920.0,0.10099999999999999,1.5,-4.75
536,536,Rwanda,2019,0.0,0.0,0.0,0.3125,3.99,-1.34
537,537,Saudi Arabia,2019,0.0,0.0,0.0,0.17300000000000001,2.28,-1.9
538,538,Solomon Islands,2019,0.0,0.0,0.0,0.3196,4.36,-0.95
539,539,Seychelles,2019,0.0,0.0,0.0,0.16399999999999998,2.36,-2.07
540,540,Sudan,2019,0.0,0.0,0.0,0.31829999999999997,4.35,-1.36
541,541,Sweden,2019,114523.0,59002.0,55521.0,0.111,1.71,-2.84
542,542,Singapore,2019,0.0,0.0,0.0,0.08800000000000001,1.14,0.0
543,543,Slovenia,2019,19328.0,9977.0,9351.0,0.09300000000000001,1.61,0.63
544,544,Slovakia,2019,57054.0,29143.0,27911.0,0.105,1.57,1.95
545,545,Sierra Leone,2019,0.0,0.0,0.0,0.32880000000000004,4.17,-2.21
546,546,San Marino,2019,232.0,121.0,107.0,0.067,1.26,0.0
547,547,Senegal,2019,0.0,0.0,0.0,0.3395,4.56,-1.49
548,548,Somalia,2019,0.0,0.0,0.0,0.41590000000000005,5.98,-1.55
549,549,Surinam,2019,0.0,0.0,0.0,0.183,2.39,-0.99
550,550,South Sudan,2019,0.0,0.0,0.0,0.3465,4.62,-1.64
551,551,Sao Tome Principe,2019,0.0,0.0,0.0,0.3115,4.27,-1.25
552,552,The Savior,2019,0.0,0.0,0.0,0.1805,2.02,-0.88
553,553,Syria,2019,0.0,0.0,0.0,0.2322,2.77,-1.32
554,554,Swatini,2019,0.0,0.0,0.0,0.2588,2.96,-1.07
555,555,Chad,2019,0.0,0.0,0.0,0.4167,5.65,-1.71
556,556,Togo,2019,0.0,0.0,0.0,0.3271,4.26,-1.41
557,557,Thailand,2019,0.0,0.0,0.0,0.1017,1.51,-0.72
558,558,Tajikistan,2019,0.0,0.0,0.0,0.3004,3.56,-0.81
559,559,East Timor,2019,0.0,0.0,0.0,0.2928,3.94,-1.99
560,560,Turkmenistan,2019,0.0,0.0,0.0,0.23070000000000002,2.74,-1.65
561,561,Tunisia,2019,0.0,0.0,0.0,0.1709,2.17,-1.05
562,562,Tonga,2019,0.0,0.0,0.0,0.2401,3.52,-1.07
563,563,Turkiye,2019,1183652.0,606861.0,576791.0,0.14300000000000002,1.88,-5.53
564,564,Trinidad Tobago,2019,0.0,0.0,0.0,0.1258,1.71,-0.81
565,565,Tanzania,2019,0.0,0.0,0.0,0.36340000000000006,4.83,-1.23
566,566,Ukraine,2019,308817.0,159792.0,149025.0,0.07400000000000001,1.14,-5.0
567,567,Uganda,2019,0.0,0.0,0.0,0.3738,4.82,-2.64
568,568,Uruguay,2019,48200.0,0.0,0.0,0.1374,1.96,-0.51
569,569,Uzbekistan,2019,0.0,0.0,0.0,0.243,2.79,6.95
570,570,Saint Vincent The Grenadines,2019,0.0,0.0,0.0,0.1409,1.87,-1.0
571,571,Venezuela,2019,615132.0,316884.0,298248.0,0.1757,2.25,-0.97
572,572,Vietnam,2019,0.0,0.0,0.0,0.16449999999999998,2.05,0.05
573,573,Vanuatu,2019,0.0,0.0,0.0,0.2918,3.74,-1.0
574,574,Samoa,2019,0.0,0.0,0.0,0.24100000000000002,3.83,-1.21
575,575,Yemen,2019,0.0,0.0,0.0,0.2987,3.7,-2.43
576,576,South Africa,2019,0.0,0.0,0.0,0.20129999999999998,2.38,-1.0
577,577,Zambia,2019,0.0,0.0,0.0,0.3578,4.56,-1.6
578,578,Zimbabwe,2019,0.0,0.0,0.0,0.2975,3.53,-2.32
579,579,Spain,2020,341315.0,174842.0,166473.0,0.0719,1.19,-4.03
580,580,Germany,2020,773144.0,397385.0,375759.0,0.09300000000000001,1.53,-0.65
581,581,United Kingdom,2020,712699.0,375379.0,355539.0,0.102,1.56,-4.29
582,582,France,2020,735775.0,376187.0,359588.0,0.109,1.83,-1.61
583,583,Italy,2020,404892.0,208431.0,196461.0,0.068,1.24,-2.36
584,584,Portugal,2020,84530.0,43451.0,41079.0,0.08199999999999999,1.41,-1.4
585,585,Usa,2020,0.0,0.0,0.0,0.109,1.64,-4.02
586,586,Japan,2020,0.0,0.0,0.0,0.068,1.34,-1.47
587,587,China,2020,0.0,0.0,0.0,0.0852,1.7,0.24
588,588,Andorra,2019,539.0,293.0,250.0,0.07,1.27,6.72
589,589,United Arab Emirates,2020,0.0,0.0,0.0,0.1013,1.37,-1.3
590,590,Afghanistan,2020,0.0,0.0,0.0,0.3115,4.18,-3.36
591,591,Antigua Barbuda,2020,0.0,0.0,0.0,0.14880000000000002,1.98,-0.45
592,592,Albanian,2020,28075.0,14486.0,13589.0,0.099,1.34,-16.09
593,593,Armenia,2020,36353.0,19054.0,17299.0,0.12300000000000001,1.76,10.0
594,594,Angola,2020,0.0,0.0,0.0,0.3979,5.37,-1.3
595,595,Argentina,2020,0.0,0.0,0.0,0.1664,2.23,-0.62
596,596,Austria,2020,83603.0,42934.0,40669.0,0.094,1.44,-1.37
597,597,Australia,2020,0.0,0.0,0.0,0.115,1.58,-4.59
598,598,Azerbaijan,2020,126571.0,67407.0,59164.0,0.125,1.7,-6.08
599,599,Bosnia Herzegovina,2020,29467.0,16790.0,15757.0,0.07780000000000001,1.24,-0.88
600,600,Barbados,2020,0.0,0.0,0.0,0.106,1.63,0.31
601,601,Bangladesh,2020,0.0,0.0,0.0,0.17550000000000002,1.99,-1.19
602,602,Belgium,2020,114350.0,58507.0,55843.0,0.099,1.55,-3.13
603,603,Burkina Faso,2020,0.0,0.0,0.0,0.3699,5.03,-1.57
604,604,Bulgaria,2020,59086.0,30372.0,28714.0,0.085,1.56,-1.27
605,605,Bahrain,2020,0.0,0.0,0.0,0.13269999999999998,1.94,-1.12
606,606,Burundi,2020,0.0,0.0,0.0,0.37770000000000004,5.24,-1.58
607,607,Benin,2020,0.0,0.0,0.0,0.35450000000000004,4.7,-1.41
608,608,Brunei,2020,0.0,0.0,0.0,0.1408,1.8,-1.26
609,609,Bolivian,2020,0.0,0.0,0.0,0.2119,2.65,-1.38
610,610,Brazil,2020,0.0,0.0,0.0,0.1346,1.71,-0.76
611,611,Bahamas,2020,0.0,0.0,0.0,0.1379,1.73,-0.57
612,612,Bhutan,2020,0.0,0.0,0.0,0.1671,1.93,-1.18
613,613,Botswana,2020,0.0,0.0,0.0,0.2365,2.8,-1.41
614,614,Belarus,2020,87602.0,48240.0,45802.0,0.09300000000000001,1.38,0.0
615,615,Belize,2020,0.0,0.0,0.0,0.2025,2.25,-1.23
616,616,Canada,2020,388729.0,199381.0,189348.0,0.094,1.4,-4.76
617,617,Democratic Republic Of Congo,2020,0.0,0.0,0.0,0.4011,5.72,-1.74
618,618,Central African Republic,2020,0.0,0.0,0.0,0.3488,4.57,-1.66
619,619,Republic Of Congo,2020,0.0,0.0,0.0,0.31989999999999996,4.32,-1.21
620,620,Swiss,2020,85914.0,44299.0,41615.0,0.099,1.46,-1.35
621,621,Ivory Coast,2020,0.0,0.0,0.0,0.3517,4.54,-1.24
622,622,Chili,2020,0.0,0.0,0.0,0.1199,1.61,-0.98
623,623,Cameroon,2020,0.0,0.0,0.0,0.3442,4.44,-1.4
624,624,Colombia,2020,649742.0,333299.0,316443.0,0.1442,1.77,-1.01
625,625,Costa Rica,2020,0.0,0.0,0.0,0.134,1.72,-0.92
626,626,Cuba,2020,0.0,0.0,0.0,0.0978,1.59,-0.75
627,627,Cape Verde,2020,0.0,0.0,0.0,0.1864,2.21,-1.29
628,628,Cyprus,2020,9930.0,5190.0,4740.0,0.111,1.36,2.26
629,629,Czech Republic,2020,110200.0,56276.0,53924.0,0.10300000000000001,1.71,0.0
630,630,Djibouti,2020,0.0,0.0,0.0,0.2054,2.63,-1.83
631,631,Denmark,2020,60937.0,31175.0,29762.0,0.10400000000000001,1.68,-1.18
632,632,Dominica,2017,0.0,0.0,0.0,0.096,1.9,0.0
633,633,Dominican Republic,2020,0.0,0.0,0.0,0.1886,2.3,-1.03
634,634,Algeria,2020,0.0,0.0,0.0,0.2278,2.94,-1.54
635,635,Ecuador,2020,0.0,0.0,0.0,0.19190000000000002,2.38,-0.96
636,636,Estonia,2020,13209.0,6736.0,6473.0,0.099,1.58,-4.82
637,637,Egypt,2020,0.0,0.0,0.0,0.2507,3.24,-1.34
638,638,Eritrea,2020,0.0,0.0,0.0,0.2922,3.93,-1.6
639,639,Ethiopia,2020,0.0,0.0,0.0,0.3144,4.05,-2.34
640,640,Finland,2020,46463.0,23778.0,22685.0,0.084,1.37,1.48
641,641,Fiji,2020,0.0,0.0,0.0,0.20600000000000002,2.73,-0.91
642,642,Federated States Of Micronesia,2020,0.0,0.0,0.0,0.2261,2.97,-1.4
643,643,Gabon,2020,0.0,0.0,0.0,0.30260000000000004,3.87,-1.35
644,644,Grenade,2020,0.0,0.0,0.0,0.159,2.02,-0.93
645,645,Georgia,2020,46520.0,24289.0,22231.0,0.125,1.98,-1.98
646,646,Ghana,2020,0.0,0.0,0.0,0.28600000000000003,3.77,-1.34
647,647,Gambia,2020,0.0,0.0,0.0,0.3759,5.09,-1.3
648,648,Guinea,2020,0.0,0.0,0.0,0.3557,4.55,-1.58
649,649,Equatorial Guinea,2020,0.0,0.0,0.0,0.3235,4.35,-1.87
650,650,Greece,2020,84764.0,43531.0,41233.0,0.079,1.39,3.73
651,651,Guatemala,2020,0.0,0.0,0.0,0.23850000000000002,2.78,-1.59
652,652,Guinea-Bissau,2020,0.0,0.0,0.0,0.34009999999999996,4.33,-1.61
653,653,Guyana,2020,0.0,0.0,0.0,0.19469999999999998,2.42,-0.9
654,654,Hong Kong,2020,0.0,0.0,0.0,0.057999999999999996,0.87,-17.41
655,655,Honduras,2020,0.0,0.0,0.0,0.21059999999999998,2.39,-1.36
656,656,Croatia,2020,35845.0,18389.0,17456.0,0.08900000000000001,1.48,0.68
657,657,Haiti,2020,0.0,0.0,0.0,0.23579999999999998,2.84,-1.56
658,658,Hungary,2020,93807.0,48273.0,45534.0,0.096,1.59,2.58
659,659,Indonesia,2020,0.0,0.0,0.0,0.1745,2.27,-0.96
660,660,Ireland,2020,55959.0,28902.0,27057.0,0.11199999999999999,1.63,-4.68
661,661,Israel,2020,0.0,0.0,0.0,0.192,2.9,-3.65
662,662,India,2020,0.0,0.0,0.0,0.1744,2.18,-0.82
663,663,Iraq,2020,0.0,0.0,0.0,0.2814,3.54,-1.67
664,664,Iran,2020,0.0,0.0,0.0,0.1794,2.14,-0.19
665,665,Iceland,2020,4512.0,2385.0,2127.0,0.12300000000000001,1.72,-1.15
666,666,Jamaica,2020,0.0,0.0,0.0,0.157,1.95,-0.76
667,667,Jordan,2020,0.0,0.0,0.0,0.21109999999999998,2.64,-1.93
668,668,Kenya,2020,0.0,0.0,0.0,0.27940000000000004,3.37,-1.69
669,669,Kyrgyzstan,2020,0.0,0.0,0.0,0.24,3.0,-9.09
670,670,Cambodia,2020,0.0,0.0,0.0,0.21559999999999999,2.45,-1.01
671,671,Kiribati,2020,0.0,0.0,0.0,0.27,3.49,-1.05
672,672,Comoros,2020,0.0,0.0,0.0,0.3095,4.07,-1.57
673,673,Saint Kitts Nevis,2019,0.0,0.0,0.0,0.11199999999999999,2.11,-12.21
674,674,North Korea,2020,0.0,0.0,0.0,0.1378,1.89,-0.47
675,675,South Korea,2020,272337.0,0.0,0.0,0.053,0.84,-8.82
676,676,Kuwait,2020,0.0,0.0,0.0,0.12619999999999998,2.07,-0.43
677,677,Kazakhstan,2020,0.0,0.0,0.0,0.22760000000000002,3.13,7.93
678,678,Laos,2020,0.0,0.0,0.0,0.2266,2.58,-1.64
679,679,Lebanon,2020,0.0,0.0,0.0,0.17170000000000002,2.06,-0.72
680,680,St. Lucia,2020,0.0,0.0,0.0,0.1166,1.41,-0.91
681,681,Liechtenstein,2020,353.0,165.0,188.0,0.091,1.46,-1.35
682,682,Sri Lanka,2020,0.0,0.0,0.0,0.1525,2.17,-0.64
683,683,Liberia,2020,0.0,0.0,0.0,0.3236,4.18,-1.51
684,684,Lesotho,2020,0.0,0.0,0.0,0.26,3.07,-1.22
685,685,Lithuania,2020,25144.0,13029.0,12115.0,0.09,1.48,-8.07
686,686,Luxembourg,2020,6459.0,3296.0,3163.0,0.102,1.36,1.49
687,687,Latvia,2020,17552.0,9036.0,8516.0,0.092,1.55,-3.73
688,688,Libya,2020,0.0,0.0,0.0,0.17809999999999998,2.18,-1.41
689,689,Morocco,2020,0.0,0.0,0.0,0.18100000000000002,2.35,-1.22
690,690,Monaco,2018,227.0,0.0,0.0,4.62,432.0,5.9
691,691,Moldova,2020,30730.0,16111.0,14619.0,0.11699999999999999,1.28,0.71
692,692,Montenegro,2020,7097.0,3674.0,3423.0,0.114,1.75,-1.13
693,693,Madagascar,2020,0.0,0.0,0.0,0.3215,3.98,-1.24
694,694,Marshall Islands,2011,0.0,0.0,0.0,0.29,4.05,-10.0
695,695,North Macedonia,2020,19031.0,9796.0,9235.0,0.092,1.31,-2.24
696,696,Mali,2020,0.0,0.0,0.0,0.4056,5.69,-1.59
697,697,Myanmar,2020,0.0,0.0,0.0,0.1723,2.12,-0.8
698,698,Mongolia,2020,0.0,0.0,0.0,0.2256,2.83,-1.15
699,699,Mauritania,2020,0.0,0.0,0.0,0.3284,4.45,-1.2
700,700,Malt,2020,4414.0,2283.0,2131.0,0.086,1.13,-0.88
701,701,Mauricio,2020,0.0,0.0,0.0,0.106,1.44,2.86
702,702,Maldives,2020,0.0,0.0,0.0,0.1306,1.82,-1.36
703,703,Malawi,2020,0.0,0.0,0.0,0.3342,4.06,-1.74
704,704,Mexico,2020,1629211.0,828944.0,800264.0,0.17010000000000003,2.08,-1.14
705,705,Malaysia,2020,0.0,0.0,0.0,0.16440000000000002,1.97,-0.91
706,706,Mozambique,2020,0.0,0.0,0.0,0.36810000000000004,4.71,-1.46
707,707,Namibia,2020,0.0,0.0,0.0,0.2766,3.29,-1.53
708,708,Niger,2020,0.0,0.0,0.0,0.4521,6.74,-1.3
709,709,Nigeria,2020,0.0,0.0,0.0,0.3701,5.25,-1.3
710,710,Nicaragua,2020,0.0,0.0,0.0,0.1979,2.35,-1.18
711,711,Netherlands,2020,168681.0,86497.0,82184.0,0.09699999999999999,1.54,-1.91
712,712,Norway,2020,52979.0,27063.0,25916.0,0.098,1.48,-3.27
713,713,Nepal,2020,0.0,0.0,0.0,0.19260000000000002,1.85,-1.65
714,714,New Zealand,2020,0.0,0.0,0.0,0.11320000000000001,1.61,-6.4
715,715,Oman,2020,0.0,0.0,0.0,0.1778,2.78,-2.08
716,716,Panama,2020,0.0,0.0,0.0,0.1845,2.42,-0.9
717,717,Peru,2020,421096.0,0.0,0.0,0.129,2.21,-0.94
718,718,Papua New Guinea,2020,0.0,0.0,0.0,0.2652,3.48,-1.22
719,719,Philippines,2020,0.0,0.0,0.0,0.1989,2.49,-1.43
720,720,Pakistan,2020,0.0,0.0,0.0,0.2738,3.39,-1.74
721,721,Poland,2020,355309.0,182300.0,173009.0,0.094,1.39,-3.47
722,722,State Of Palestine,2020,0.0,0.0,0.0,0.2821,3.49,-1.99
723,723,Palau,2020,0.0,0.0,0.0,0.11,2.21,-0.9
724,724,Paraguayan,2020,0.0,0.0,0.0,0.2009,2.38,-0.91
725,725,Taste,2020,0.0,0.0,0.0,0.09230000000000001,1.83,-1.03
726,726,Romania,2020,198302.0,102340.0,95962.0,0.10300000000000001,1.8,1.69
727,727,Serbian,2020,61692.0,31783.0,29909.0,0.08900000000000001,1.48,-2.63
728,728,Russia,2020,1940579.0,984552.0,928920.0,0.098,1.51,0.07
729,729,Rwanda,2020,0.0,0.0,0.0,0.3073,3.93,-1.6
730,730,Saudi Arabia,2020,0.0,0.0,0.0,0.1681,2.24,-1.63
731,731,Solomon Islands,2020,0.0,0.0,0.0,0.3145,4.31,-1.19
732,732,Seychelles,2020,0.0,0.0,0.0,0.158,2.29,-2.97
733,733,Sudan,2020,0.0,0.0,0.0,0.31489999999999996,4.29,-1.33
734,734,Sweden,2020,113077.0,58255.0,54822.0,0.109,1.67,-2.34
735,735,Singapore,2020,0.0,0.0,0.0,0.085,1.1,-3.51
736,736,Slovenia,2020,18767.0,9693.0,9074.0,0.08900000000000001,1.59,-1.24
737,737,Slovakia,2020,56650.0,28928.0,27722.0,0.10400000000000001,1.59,1.27
738,738,Sierra Leone,2020,0.0,0.0,0.0,0.3235,4.08,-2.21
739,739,San Marino,2020,232.0,121.0,107.0,0.064,1.26,0.0
740,740,Senegal,2020,0.0,0.0,0.0,0.3342,4.49,-1.43
741,741,Somalia,2020,0.0,0.0,0.0,0.41409999999999997,5.89,-1.56
742,742,Surinam,2020,0.0,0.0,0.0,0.1805,2.37,-0.96
743,743,South Sudan,2020,0.0,0.0,0.0,0.34299999999999997,4.54,-1.65
744,744,Sao Tome Principe,2020,0.0,0.0,0.0,0.3081,4.21,-1.24
745,745,The Savior,2020,0.0,0.0,0.0,0.1783,2.0,-0.94
746,746,Syria,2020,0.0,0.0,0.0,0.2271,2.73,-1.34
747,747,Swatini,2020,0.0,0.0,0.0,0.254,2.92,-1.32
748,748,Chad,2020,0.0,0.0,0.0,0.41159999999999997,5.55,-1.7
749,749,Togo,2020,0.0,0.0,0.0,0.3233,4.2,-1.41
750,750,Thailand,2020,0.0,0.0,0.0,0.0999,1.5,-0.86
751,751,Tajikistan,2020,0.0,0.0,0.0,0.2923,3.52,-1.01
752,752,East Timor,2020,0.0,0.0,0.0,0.2902,3.85,-2.28
753,753,Turkmenistan,2020,0.0,0.0,0.0,0.2235,2.7,-1.42
754,754,Tunisia,2020,0.0,0.0,0.0,0.166,2.15,-1.06
755,755,Tonga,2020,0.0,0.0,0.0,0.2375,3.48,-1.05
756,756,Turkiye,2020,1112859.0,570892.0,541967.0,0.133,2.04,8.46
757,757,Trinidad Tobago,2020,0.0,0.0,0.0,0.12240000000000001,1.7,-0.7
758,758,Tanzania,2020,0.0,0.0,0.0,0.35979999999999995,4.77,-1.22
759,759,Ukraine,2020,293457.0,151568.0,141889.0,0.071,1.22,6.75
760,760,Uganda,2020,0.0,0.0,0.0,0.3667,4.7,-2.51
761,761,Uruguay,2020,48200.0,0.0,0.0,0.1362,1.95,-0.56
762,762,Uzbekistan,2020,0.0,0.0,0.0,0.24600000000000002,2.9,4.13
763,763,Saint Vincent The Grenadines,2020,0.0,0.0,0.0,0.1394,1.85,-0.96
764,764,Venezuela,2020,615132.0,316884.0,298248.0,0.17300000000000001,2.23,-0.89
765,765,Vietnam,2020,0.0,0.0,0.0,0.1612,2.05,-0.2
766,766,Vanuatu,2020,0.0,0.0,0.0,0.2876,3.71,-0.99
767,767,Samoa,2020,0.0,0.0,0.0,0.2386,3.79,-1.17
768,768,Yemen,2020,0.0,0.0,0.0,0.293,3.61,-2.32
769,769,South Africa,2020,0.0,0.0,0.0,0.1977,2.36,-0.97
770,770,Zambia,2020,0.0,0.0,0.0,0.3544,4.5,-1.38
771,771,Zimbabwe,2020,0.0,0.0,0.0,0.2898,3.46,-2.01
772,772,Spain,2021,337380.0,174148.0,163232.0,0.0712,1.19,0.47
773,773,Germany,2021,795492.0,397385.0,375759.0,0.096,1.53,-0.65
774,774,United Kingdom,2020,712699.0,375379.0,355539.0,0.102,1.56,-4.29
775,775,France,2021,738594.0,376187.0,359588.0,0.109,1.83,-1.61
776,776,Italy,2021,399431.0,208431.0,196461.0,0.068,1.24,-2.36
777,777,Portugal,2021,79582.0,43451.0,41079.0,0.077,1.41,-1.4
778,778,Usa,2020,0.0,0.0,0.0,0.109,1.64,-4.02
779,779,Japan,2020,0.0,0.0,0.0,0.068,1.34,-1.47
780,780,China,2020,0.0,0.0,0.0,0.0852,1.7,0.24
781,781,Andorra,2019,539.0,293.0,250.0,0.07,1.27,6.72
782,782,United Arab Emirates,2020,0.0,0.0,0.0,0.1013,1.37,-1.3
783,783,Afghanistan,2020,0.0,0.0,0.0,0.3115,4.18,-3.36
784,784,Antigua Barbuda,2020,0.0,0.0,0.0,0.14880000000000002,1.98,-0.45
785,785,Albanian,2021,27211.0,14486.0,13589.0,0.09699999999999999,1.34,-16.09
786,786,Armenia,2020,36353.0,19054.0,17299.0,0.12300000000000001,1.76,10.0
787,787,Angola,2020,0.0,0.0,0.0,0.3979,5.37,-1.3
788,788,Argentina,2020,0.0,0.0,0.0,0.1664,2.23,-0.62
789,789,Austria,2021,86078.0,42934.0,40669.0,0.096,1.44,-1.37
790,790,Australia,2020,0.0,0.0,0.0,0.115,1.58,-4.59
791,791,Azerbaijan,2021,112284.0,67407.0,59164.0,0.111,1.7,-6.08
792,792,Bosnia Herzegovina,2020,29467.0,16790.0,15757.0,0.07780000000000001,1.24,-0.88
793,793,Barbados,2020,0.0,0.0,0.0,0.106,1.63,0.31
794,794,Bangladesh,2020,0.0,0.0,0.0,0.17550000000000002,1.99,-1.19
795,795,Belgium,2021,118349.0,58507.0,55843.0,0.102,1.55,-3.13
796,796,Burkina Faso,2020,0.0,0.0,0.0,0.3699,5.03,-1.57
797,797,Bulgaria,2021,58678.0,30372.0,28714.0,0.085,1.56,-1.27
798,798,Bahrain,2020,0.0,0.0,0.0,0.13269999999999998,1.94,-1.12
799,799,Burundi,2020,0.0,0.0,0.0,0.37770000000000004,5.24,-1.58
800,800,Benin,2020,0.0,0.0,0.0,0.35450000000000004,4.7,-1.41
801,801,Brunei,2020,0.0,0.0,0.0,0.1408,1.8,-1.26
802,802,Bolivian,2020,0.0,0.0,0.0,0.2119,2.65,-1.38
803,803,Brazil,2020,0.0,0.0,0.0,0.1346,1.71,-0.76
804,804,Bahamas,2020,0.0,0.0,0.0,0.1379,1.73,-0.57
805,805,Bhutan,2020,0.0,0.0,0.0,0.1671,1.93,-1.18
806,806,Botswana,2020,0.0,0.0,0.0,0.2365,2.8,-1.41
807,807,Belarus,2020,87602.0,48240.0,45802.0,0.09300000000000001,1.38,0.0
808,808,Belize,2020,0.0,0.0,0.0,0.2025,2.25,-1.23
809,809,Canada,2020,388729.0,199381.0,189348.0,0.094,1.4,-4.76
810,810,Democratic Republic Of Congo,2020,0.0,0.0,0.0,0.4011,5.72,-1.74
811,811,Central African Republic,2020,0.0,0.0,0.0,0.3488,4.57,-1.66
812,812,Republic Of Congo,2020,0.0,0.0,0.0,0.31989999999999996,4.32,-1.21
813,813,Swiss,2021,89644.0,44299.0,41615.0,0.10300000000000001,1.46,-1.35
814,814,Ivory Coast,2020,0.0,0.0,0.0,0.3517,4.54,-1.24
815,815,Chili,2020,0.0,0.0,0.0,0.1199,1.61,-0.98
816,816,Cameroon,2020,0.0,0.0,0.0,0.3442,4.44,-1.4
817,817,Colombia,2020,649742.0,333299.0,316443.0,0.1442,1.77,-1.01
818,818,Costa Rica,2020,0.0,0.0,0.0,0.134,1.72,-0.92
819,819,Cuba,2020,0.0,0.0,0.0,0.0978,1.59,-0.75
820,820,Cape Verde,2020,0.0,0.0,0.0,0.1864,2.21,-1.29
821,821,Cyprus,2021,10150.0,5190.0,4740.0,0.113,1.36,2.26
822,822,Czech Republic,2021,111793.0,56276.0,53924.0,0.106,1.71,0.0
823,823,Djibouti,2020,0.0,0.0,0.0,0.2054,2.63,-1.83
824,824,Denmark,2021,63473.0,31175.0,29762.0,0.10800000000000001,1.68,-1.18
825,825,Dominica,2017,0.0,0.0,0.0,0.096,1.9,0.0
826,826,Dominican Republic,2020,0.0,0.0,0.0,0.1886,2.3,-1.03
827,827,Algeria,2020,0.0,0.0,0.0,0.2278,2.94,-1.54
828,828,Ecuador,2020,0.0,0.0,0.0,0.19190000000000002,2.38,-0.96
829,829,Estonia,2021,13272.0,6736.0,6473.0,0.1,1.58,-4.82
830,830,Egypt,2020,0.0,0.0,0.0,0.2507,3.24,-1.34
831,831,Eritrea,2020,0.0,0.0,0.0,0.2922,3.93,-1.6
832,832,Ethiopia,2020,0.0,0.0,0.0,0.3144,4.05,-2.34
833,833,Finland,2021,49594.0,23778.0,22685.0,0.09,1.37,1.48
834,834,Fiji,2020,0.0,0.0,0.0,0.20600000000000002,2.73,-0.91
835,835,Federated States Of Micronesia,2020,0.0,0.0,0.0,0.2261,2.97,-1.4
836,836,Gabon,2020,0.0,0.0,0.0,0.30260000000000004,3.87,-1.35
837,837,Grenade,2020,0.0,0.0,0.0,0.159,2.02,-0.93
838,838,Georgia,2021,45946.0,24289.0,22231.0,0.124,1.98,-1.98
839,839,Ghana,2020,0.0,0.0,0.0,0.28600000000000003,3.77,-1.34
840,840,Gambia,2020,0.0,0.0,0.0,0.3759,5.09,-1.3
841,841,Guinea,2020,0.0,0.0,0.0,0.3557,4.55,-1.58
842,842,Equatorial Guinea,2020,0.0,0.0,0.0,0.3235,4.35,-1.87
843,843,Greece,2021,85303.0,43531.0,41233.0,0.08,1.39,3.73
844,844,Guatemala,2020,0.0,0.0,0.0,0.23850000000000002,2.78,-1.59
845,845,Guinea-Bissau,2020,0.0,0.0,0.0,0.34009999999999996,4.33,-1.61
846,846,Guyana,2020,0.0,0.0,0.0,0.19469999999999998,2.42,-0.9
847,847,Hong Kong,2020,0.0,0.0,0.0,0.057999999999999996,0.87,-17.41
848,848,Honduras,2020,0.0,0.0,0.0,0.21059999999999998,2.39,-1.36
849,849,Croatia,2021,36508.0,18389.0,17456.0,0.092,1.48,0.68
850,850,Haiti,2020,0.0,0.0,0.0,0.23579999999999998,2.84,-1.56
851,851,Hungary,2021,94003.0,48273.0,45534.0,0.09699999999999999,1.59,2.58
852,852,Indonesia,2020,0.0,0.0,0.0,0.1745,2.27,-0.96
853,853,Ireland,2021,58440.0,28902.0,27057.0,0.11599999999999999,1.63,-4.68
854,854,Israel,2020,0.0,0.0,0.0,0.192,2.9,-3.65
855,855,India,2020,0.0,0.0,0.0,0.1744,2.18,-0.82
856,856,Iraq,2020,0.0,0.0,0.0,0.2814,3.54,-1.67
857,857,Iran,2020,0.0,0.0,0.0,0.1794,2.14,-0.19
858,858,Iceland,2021,4879.0,2385.0,2127.0,0.131,1.72,-1.15
859,859,Jamaica,2020,0.0,0.0,0.0,0.157,1.95,-0.76
860,860,Jordan,2020,0.0,0.0,0.0,0.21109999999999998,2.64,-1.93
861,861,Kenya,2020,0.0,0.0,0.0,0.27940000000000004,3.37,-1.69
862,862,Kyrgyzstan,2020,0.0,0.0,0.0,0.24,3.0,-9.09
863,863,Cambodia,2020,0.0,0.0,0.0,0.21559999999999999,2.45,-1.01
864,864,Kiribati,2020,0.0,0.0,0.0,0.27,3.49,-1.05
865,865,Comoros,2020,0.0,0.0,0.0,0.3095,4.07,-1.57
866,866,Saint Kitts Nevis,2019,0.0,0.0,0.0,0.11199999999999999,2.11,-12.21
867,867,North Korea,2020,0.0,0.0,0.0,0.1378,1.89,-0.47
868,868,South Korea,2021,260562.0,0.0,0.0,0.051,0.81,-3.46
869,869,Kuwait,2020,0.0,0.0,0.0,0.12619999999999998,2.07,-0.43
870,870,Kazakhstan,2020,0.0,0.0,0.0,0.22760000000000002,3.13,7.93
871,871,Laos,2020,0.0,0.0,0.0,0.2266,2.58,-1.64
872,872,Lebanon,2020,0.0,0.0,0.0,0.17170000000000002,2.06,-0.72
873,873,St. Lucia,2020,0.0,0.0,0.0,0.1166,1.41,-0.91
874,874,Liechtenstein,2021,375.0,165.0,188.0,0.096,1.46,-1.35
875,875,Sri Lanka,2020,0.0,0.0,0.0,0.1525,2.17,-0.64
876,876,Liberia,2020,0.0,0.0,0.0,0.3236,4.18,-1.51
877,877,Lesotho,2020,0.0,0.0,0.0,0.26,3.07,-1.22
878,878,Lithuania,2021,23330.0,13029.0,12115.0,0.083,1.48,-8.07
879,879,Luxembourg,2021,6690.0,3296.0,3163.0,0.105,1.36,1.49
880,880,Latvia,2021,17420.0,9036.0,8516.0,0.092,1.55,-3.73
881,881,Libya,2020,0.0,0.0,0.0,0.17809999999999998,2.18,-1.41
882,882,Morocco,2020,0.0,0.0,0.0,0.18100000000000002,2.35,-1.22
883,883,Monaco,2018,227.0,0.0,0.0,4.62,432.0,5.9
884,884,Moldova,2020,30730.0,16111.0,14619.0,0.11699999999999999,1.28,0.71
885,885,Montenegro,2021,7033.0,3674.0,3423.0,0.114,1.75,-1.13
886,886,Madagascar,2020,0.0,0.0,0.0,0.3215,3.98,-1.24
887,887,Marshall Islands,2011,0.0,0.0,0.0,0.29,4.05,-10.0
888,888,North Macedonia,2021,18648.0,9796.0,9235.0,0.095,1.31,-2.24
889,889,Mali,2020,0.0,0.0,0.0,0.4056,5.69,-1.59
890,890,Myanmar,2020,0.0,0.0,0.0,0.1723,2.12,-0.8
891,891,Mongolia,2020,0.0,0.0,0.0,0.2256,2.83,-1.15
892,892,Mauritania,2020,0.0,0.0,0.0,0.3284,4.45,-1.2
893,893,Malt,2021,4395.0,2283.0,2131.0,0.085,1.13,-0.88
894,894,Mauricio,2020,0.0,0.0,0.0,0.106,1.44,2.86
895,895,Maldives,2020,0.0,0.0,0.0,0.1306,1.82,-1.36
896,896,Malawi,2020,0.0,0.0,0.0,0.3342,4.06,-1.74
897,897,Mexico,2020,1629211.0,828944.0,800264.0,0.17010000000000003,2.08,-1.14
898,898,Malaysia,2020,0.0,0.0,0.0,0.16440000000000002,1.97,-0.91
899,899,Mozambique,2020,0.0,0.0,0.0,0.36810000000000004,4.71,-1.46
900,900,Namibia,2020,0.0,0.0,0.0,0.2766,3.29,-1.53
901,901,Niger,2020,0.0,0.0,0.0,0.4521,6.74,-1.3
902,902,Nigeria,2020,0.0,0.0,0.0,0.3701,5.25,-1.3
903,903,Nicaragua,2020,0.0,0.0,0.0,0.1979,2.35,-1.18
904,904,Netherlands,2021,179441.0,86497.0,82184.0,0.102,1.54,-1.91
905,905,Norway,2021,56060.0,27063.0,25916.0,0.10400000000000001,1.48,-3.27
906,906,Nepal,2020,0.0,0.0,0.0,0.19260000000000002,1.85,-1.65
907,907,New Zealand,2020,0.0,0.0,0.0,0.11320000000000001,1.61,-6.4
908,908,Oman,2020,0.0,0.0,0.0,0.1778,2.78,-2.08
909,909,Panama,2020,0.0,0.0,0.0,0.1845,2.42,-0.9
910,910,Peru,2020,421096.0,0.0,0.0,0.129,2.21,-0.94
911,911,Papua New Guinea,2020,0.0,0.0,0.0,0.2652,3.48,-1.22
912,912,Philippines,2020,0.0,0.0,0.0,0.1989,2.49,-1.43
913,913,Pakistan,2020,0.0,0.0,0.0,0.2738,3.39,-1.74
914,914,Poland,2021,331511.0,182300.0,173009.0,0.08800000000000001,1.39,-3.47
915,915,State Of Palestine,2020,0.0,0.0,0.0,0.2821,3.49,-1.99
916,916,Palau,2020,0.0,0.0,0.0,0.11,2.21,-0.9
917,917,Paraguayan,2020,0.0,0.0,0.0,0.2009,2.38,-0.91
918,918,Taste,2020,0.0,0.0,0.0,0.09230000000000001,1.83,-1.03
919,919,Romania,2021,178496.0,102340.0,95962.0,0.09300000000000001,1.8,1.69
920,920,Serbian,2021,62180.0,31783.0,29909.0,0.091,1.48,-2.63
921,921,Russia,2020,1940579.0,984552.0,928920.0,0.098,1.51,0.07
922,922,Rwanda,2020,0.0,0.0,0.0,0.3073,3.93,-1.6
923,923,Saudi Arabia,2020,0.0,0.0,0.0,0.1681,2.24,-1.63
924,924,Solomon Islands,2020,0.0,0.0,0.0,0.3145,4.31,-1.19
925,925,Seychelles,2020,0.0,0.0,0.0,0.158,2.29,-2.97
926,926,Sudan,2020,0.0,0.0,0.0,0.31489999999999996,4.29,-1.33
927,927,Sweden,2021,114263.0,58255.0,54822.0,0.11,1.67,-2.34
928,928,Singapore,2020,0.0,0.0,0.0,0.085,1.1,-3.51
929,929,Slovenia,2021,18984.0,9693.0,9074.0,0.09,1.59,-1.24
930,930,Slovakia,2021,56565.0,28928.0,27722.0,0.10400000000000001,1.59,1.27
931,931,Sierra Leone,2020,0.0,0.0,0.0,0.3235,4.08,-2.21
932,932,San Marino,2021,212.0,121.0,107.0,0.062,1.26,0.0
933,933,Senegal,2020,0.0,0.0,0.0,0.3342,4.49,-1.43
934,934,Somalia,2020,0.0,0.0,0.0,0.41409999999999997,5.89,-1.56
935,935,Surinam,2020,0.0,0.0,0.0,0.1805,2.37,-0.96
936,936,South Sudan,2020,0.0,0.0,0.0,0.34299999999999997,4.54,-1.65
937,937,Sao Tome Principe,2020,0.0,0.0,0.0,0.3081,4.21,-1.24
938,938,The Savior,2020,0.0,0.0,0.0,0.1783,2.0,-0.94
939,939,Syria,2020,0.0,0.0,0.0,0.2271,2.73,-1.34
940,940,Swatini,2020,0.0,0.0,0.0,0.254,2.92,-1.32
941,941,Chad,2020,0.0,0.0,0.0,0.41159999999999997,5.55,-1.7
942,942,Togo,2020,0.0,0.0,0.0,0.3233,4.2,-1.41
943,943,Thailand,2020,0.0,0.0,0.0,0.0999,1.5,-0.86
944,944,Tajikistan,2020,0.0,0.0,0.0,0.2923,3.52,-1.01
945,945,East Timor,2020,0.0,0.0,0.0,0.2902,3.85,-2.28
946,946,Turkmenistan,2020,0.0,0.0,0.0,0.2235,2.7,-1.42
947,947,Tunisia,2020,0.0,0.0,0.0,0.166,2.15,-1.06
948,948,Tonga,2020,0.0,0.0,0.0,0.2375,3.48,-1.05
949,949,Turkiye,2021,1079842.0,570892.0,541967.0,0.128,2.04,8.46
950,950,Trinidad Tobago,2020,0.0,0.0,0.0,0.12240000000000001,1.7,-0.7
951,951,Tanzania,2020,0.0,0.0,0.0,0.35979999999999995,4.77,-1.22
952,952,Ukraine,2021,271983.0,151568.0,141889.0,0.066,1.22,6.75
953,953,Uganda,2020,0.0,0.0,0.0,0.3667,4.7,-2.51
954,954,Uruguay,2020,48200.0,0.0,0.0,0.1362,1.95,-0.56
955,955,Uzbekistan,2020,0.0,0.0,0.0,0.24600000000000002,2.9,4.13
956,956,Saint Vincent The Grenadines,2020,0.0,0.0,0.0,0.1394,1.85,-0.96
957,957,Venezuela,2020,615132.0,316884.0,298248.0,0.17300000000000001,2.23,-0.89
958,958,Vietnam,2020,0.0,0.0,0.0,0.1612,2.05,-0.2
959,959,Vanuatu,2020,0.0,0.0,0.0,0.2876,3.71,-0.99
960,960,Samoa,2020,0.0,0.0,0.0,0.2386,3.79,-1.17
961,961,Yemen,2020,0.0,0.0,0.0,0.293,3.61,-2.32
962,962,South Africa,2020,0.0,0.0,0.0,0.1977,2.36,-0.97
963,963,Zambia,2020,0.0,0.0,0.0,0.3544,4.5,-1.38
964,964,Zimbabwe,2020,0.0,0.0,0.0,0.2898,3.46,-2.01
